{
  "mrr@10": 0.74995,
  "recall@1": 0.20037982564599702,
  "recall@10": 0.6616191587772011,
  "recall@20": 0.7851320934009585,
  "recall@30": 0.8453085205902917,
  "recall@5": 0.5385945588537185,
  "recall@50": 0.9252661342071069,
  "num_eval_examples": 3000.0
}