{
  "mrr@10": 0.4754380952380952,
  "recall@1": 0.08467745097251003,
  "recall@10": 0.4237840807606823,
  "recall@20": 0.5715205754031986,
  "recall@30": 0.6751367996808967,
  "recall@5": 0.29690190006891337,
  "recall@50": 0.8095008595444869,
  "num_eval_examples": 3000.0
}